{
  "bindings": [
    {
      "type": "eventHubTrigger",
      "name": "eventHubMessages",
      "direction": "in",
      "eventHubName": "io-p-identitysync",
      "connection": "eventHubConnection",
      "cardinality": "many",
      "consumerGroup": "$Default"
    },
    {
      "authLevel": "function",
      "type": "httpTrigger",
      "direction": "in",
      "name": "Request",
      "methods": [
        "get"
      ]
    },
    {
      "type": "http",
      "direction": "out",
      "name": "Response"
    }
  ]
}
